user_id,recharge_frequency,utility_regularity,ecommerce_frequency,ecommerce_avg_amount,avg_balance,credit_score,risk_bucket
U1000,7,87.8,14,3686.77,30133.59,852,Excellent
U1001,11,67.6,3,800.05,32718.98,797,Excellent
U1002,5,98.2,11,4698.91,538.55,626,Poor
U1003,10,42.8,15,1240.58,4985.02,648,Poor
U1004,14,52.0,19,3002.83,2799.3,713,Good
U1005,7,40.8,13,4061.15,15578.38,684,Fair
U1006,5,53.9,14,3447.99,30694.83,768,Excellent
U1007,1,55.5,7,3801.27,21545.22,621,Poor
U1008,6,72.8,17,3898.15,47005.2,900,Excellent
U1009,8,74.2,7,4238.22,37492.35,867,Excellent
U1010,5,75.2,12,790.53,40208.75,843,Excellent
U1011,8,40.8,18,3563.6,36585.85,888,Excellent
U1012,1,76.4,9,1856.48,6235.52,568,Poor
U1013,2,45.7,4,3675.07,32059.09,682,Fair
U1014,11,73.7,2,686.01,35805.62,838,Excellent
U1015,14,69.6,8,3582.25,5989.1,754,Excellent
U1016,12,46.5,6,2429.31,28382.14,754,Excellent
U1017,7,64.6,10,1095.0,47171.25,900,Excellent
U1018,7,57.4,1,3159.33,15133.87,596,Poor
U1019,12,51.2,10,1689.29,6543.35,642,Poor
U1020,9,59.1,0,1433.45,32560.66,712,Good
U1021,11,65.0,4,3492.94,13835.91,665,Fair
U1022,8,96.6,8,2078.8,3712.17,634,Poor
U1023,7,69.8,16,825.63,49888.15,900,Excellent
U1024,11,76.6,1,2114.08,2136.01,633,Poor
U1025,14,48.7,11,2294.14,27868.21,802,Excellent
U1026,7,80.3,10,1911.31,12486.92,690,Fair
U1027,2,78.0,10,4100.52,40018.08,853,Excellent
U1028,9,59.2,5,3509.48,42988.76,817,Excellent
U1029,10,70.7,18,1808.46,5260.74,714,Good
U1030,9,81.5,6,4689.98,7307.29,631,Poor
U1031,7,72.5,9,1363.91,33169.21,803,Excellent
U1032,10,98.9,19,2695.29,12471.69,847,Excellent
U1033,9,56.7,18,3657.18,44906.96,900,Excellent
U1034,8,64.3,0,3245.96,4664.93,554,Poor
U1035,13,57.0,13,2788.8,34748.81,887,Excellent
U1036,13,53.5,0,188.57,24947.74,715,Good
U1037,8,91.0,16,1609.5,27355.74,842,Excellent
U1038,11,62.1,13,2990.37,48955.2,900,Excellent
U1039,11,87.7,0,2926.83,24879.63,759,Excellent
U1040,5,53.8,15,1475.78,1703.64,560,Poor
U1041,12,68.2,13,4582.84,18822.86,821,Excellent
U1042,9,97.2,16,2808.55,28828.48,880,Excellent
U1043,1,59.0,17,2828.33,46839.66,851,Excellent
U1044,10,95.8,13,576.16,30942.86,900,Excellent
U1045,1,90.9,8,3542.17,18294.81,658,Fair
U1046,13,57.8,2,1355.41,30769.93,757,Excellent
U1047,8,82.1,15,348.77,44387.55,900,Excellent
U1048,12,74.7,18,2381.43,27360.91,900,Excellent
U1049,6,55.0,9,4130.74,18329.44,621,Poor
U1050,12,59.6,7,3872.97,11183.14,669,Fair
U1051,13,51.7,14,3527.61,7348.48,729,Good
U1052,13,98.2,9,1682.49,39861.72,900,Excellent
U1053,7,55.1,8,3473.65,3380.58,524,Poor
U1054,10,49.4,1,1274.96,5146.73,566,Poor
U1055,5,76.7,2,1313.88,18120.65,701,Good
U1056,5,47.2,13,549.82,5160.77,608,Poor
U1057,4,50.4,4,2052.67,30984.58,698,Fair
U1058,5,93.2,19,1935.6,31480.07,900,Excellent
U1059,5,81.0,15,445.79,32299.75,844,Excellent
U1060,1,92.0,19,2919.82,19714.41,740,Good
U1061,3,89.2,11,1991.9,48078.93,900,Excellent
U1062,10,52.4,12,1151.49,19174.32,751,Excellent
U1063,7,44.3,7,1988.44,34239.88,743,Good
U1064,14,88.9,8,2530.58,34798.07,900,Excellent
U1065,8,84.1,3,969.45,37655.43,820,Excellent
U1066,3,99.4,15,725.68,12875.81,749,Good
U1067,5,54.3,12,3725.55,12292.69,646,Poor
U1068,14,94.2,19,4149.64,16342.46,900,Excellent
U1069,12,97.5,18,547.3,16306.03,900,Excellent
U1070,14,80.6,19,2909.85,31775.94,900,Excellent
U1071,9,73.2,3,4736.35,39174.15,817,Excellent
U1072,7,45.5,9,4873.82,49798.6,900,Excellent
U1073,12,81.3,11,4347.66,42004.8,900,Excellent
U1074,14,82.1,9,2043.59,44648.9,900,Excellent
U1075,6,99.2,15,4329.38,44077.82,900,Excellent
U1076,1,96.8,12,3791.55,19124.85,643,Poor
U1077,10,59.8,2,1343.04,20557.5,735,Good
U1078,14,43.4,7,675.88,32635.91,851,Excellent
U1079,14,64.0,16,506.17,26654.32,900,Excellent
U1080,5,97.8,11,4891.71,28022.25,803,Excellent
U1081,5,99.6,4,1339.65,34922.85,799,Excellent
U1082,9,71.4,8,1162.36,15077.45,749,Good
U1083,11,56.9,15,4462.29,23055.01,799,Excellent
U1084,12,60.1,3,2372.12,17990.94,682,Fair
U1085,9,55.6,16,1470.84,20854.73,789,Excellent
U1086,13,81.1,12,4563.54,41215.59,900,Excellent
U1087,8,92.6,12,907.69,20857.13,856,Excellent
U1088,6,88.6,14,837.04,29909.47,856,Excellent
U1089,11,74.1,0,2396.6,21033.57,709,Good
U1090,1,40.8,5,3489.4,26950.14,615,Poor
U1091,7,86.1,4,3809.7,19203.6,706,Good
U1092,5,67.0,13,1332.07,14099.22,691,Fair
U1093,8,77.1,7,208.71,25159.18,755,Excellent
U1094,6,86.3,17,4275.69,27819.39,883,Excellent
U1095,9,75.4,14,2160.63,39341.08,900,Excellent
U1096,14,82.2,18,4525.44,31054.55,900,Excellent
U1097,2,63.5,18,4530.38,17738.65,709,Good
U1098,6,67.1,14,2043.06,31293.29,768,Excellent
U1099,8,42.8,5,2513.83,16773.2,630,Poor
U1100,11,74.8,10,471.73,6879.55,711,Good
U1101,8,81.8,2,4384.16,26004.18,707,Good
U1102,2,76.1,18,300.26,8862.29,639,Poor
U1103,5,72.9,4,2357.82,10713.52,577,Poor
U1104,2,47.7,12,1675.76,5068.38,599,Poor
U1105,8,92.4,15,399.28,14205.44,775,Excellent
U1106,1,45.1,2,1004.15,10862.79,471,Poor
U1107,10,85.6,13,2366.42,37499.81,867,Excellent
U1108,14,48.9,18,3595.41,44812.74,900,Excellent
U1109,13,92.0,5,2709.82,12502.29,785,Excellent
U1110,9,84.2,9,2863.43,42115.14,900,Excellent
U1111,9,93.4,19,2422.45,18077.66,828,Excellent
U1112,9,69.9,14,2962.58,36972.71,900,Excellent
U1113,12,47.7,8,1753.49,45032.55,900,Excellent
U1114,2,54.7,12,1718.71,46717.75,827,Excellent
U1115,14,51.2,8,493.15,26463.31,746,Good
U1116,8,81.8,5,2049.49,48488.79,900,Excellent
U1117,1,69.4,5,3376.35,46504.11,794,Excellent
U1118,11,74.3,18,4209.05,10651.34,809,Excellent
U1119,12,46.9,13,1514.29,29271.29,817,Excellent
U1120,11,95.9,12,2709.69,3065.27,700,Good
U1121,7,72.9,1,1679.53,40588.79,786,Excellent
U1122,1,48.3,8,3825.12,29984.12,589,Poor
U1123,14,46.4,4,4170.04,48268.83,897,Excellent
U1124,14,96.0,10,4697.87,9471.04,795,Excellent
U1125,6,42.9,7,4156.91,37649.85,758,Excellent
U1126,12,49.8,4,4091.42,33427.26,734,Good
U1127,13,75.3,17,4101.34,22237.18,899,Excellent
U1128,14,94.0,5,2744.93,22217.86,778,Excellent
U1129,7,71.9,7,1222.22,27371.04,786,Excellent
U1130,6,96.4,6,3679.69,34839.02,877,Excellent
U1131,11,87.3,5,3786.78,35495.53,872,Excellent
U1132,11,84.6,3,2892.46,38241.7,860,Excellent
U1133,6,72.2,14,4247.62,6810.69,687,Fair
U1134,8,70.1,7,834.6,11847.94,690,Fair
U1135,3,81.6,3,3609.28,30151.95,735,Good
U1136,4,50.9,9,1778.37,11753.87,542,Poor
U1137,11,49.2,12,781.67,5489.33,645,Poor
U1138,1,41.1,10,4667.38,28474.09,672,Fair
U1139,8,79.1,16,2923.81,30532.39,883,Excellent
U1140,6,44.6,13,4678.4,46315.64,844,Excellent
U1141,5,49.9,3,710.85,46081.67,782,Excellent
U1142,6,71.1,7,3078.68,19275.63,663,Fair
U1143,9,40.3,8,659.91,21017.98,714,Good
U1144,10,95.2,1,2381.93,24301.43,769,Excellent
U1145,11,67.1,18,1316.31,29092.78,900,Excellent
U1146,4,65.1,0,1875.73,29239.12,629,Poor
U1147,4,67.5,19,2131.66,4724.81,671,Fair
U1148,13,51.1,6,3017.39,3820.29,609,Poor
U1149,3,61.0,16,279.09,23867.31,756,Excellent
U1150,8,75.2,0,3900.09,22937.8,607,Poor
U1151,2,69.8,18,860.68,9505.44,689,Fair
U1152,13,44.5,2,1929.22,13901.86,623,Poor
U1153,7,98.7,17,4348.27,20695.23,891,Excellent
U1154,9,53.3,7,610.13,40095.85,851,Excellent
U1155,8,46.0,13,3055.67,40439.08,831,Excellent
U1156,4,96.7,13,1536.42,44868.62,900,Excellent
U1157,12,82.2,0,4105.47,17419.96,676,Fair
U1158,10,89.5,2,2992.45,13769.15,653,Fair
U1159,14,61.8,11,1175.6,48740.09,900,Excellent
U1160,12,48.4,9,2872.31,49275.68,900,Excellent
U1161,2,41.3,13,3734.27,35092.87,736,Good
U1162,9,55.5,10,2166.35,7047.67,651,Fair
U1163,5,41.1,17,2695.34,40845.19,870,Excellent
U1164,9,56.4,16,2085.72,25124.51,798,Excellent
U1165,6,48.2,5,3687.7,12911.17,598,Poor
U1166,13,79.9,6,2909.14,41986.29,900,Excellent
U1167,14,42.8,10,1003.42,4971.68,657,Fair
U1168,3,54.7,10,1514.6,18105.8,607,Poor
U1169,3,97.0,14,4775.03,7182.56,699,Fair
U1170,8,52.9,3,2745.23,8519.69,584,Poor
U1171,11,75.8,1,3154.33,23974.75,749,Good
U1172,9,44.5,16,2122.69,35393.81,836,Excellent
U1173,3,89.1,4,111.46,48401.12,900,Excellent
U1174,6,75.4,18,1641.52,40467.8,900,Excellent
U1175,12,72.5,18,3687.9,40424.78,900,Excellent
U1176,7,83.4,15,4261.06,12858.57,697,Fair
U1177,10,43.1,14,316.41,29619.06,818,Excellent
U1178,1,50.8,6,266.34,35022.3,698,Fair
U1179,2,65.3,17,3750.82,3216.69,592,Poor
U1180,3,59.1,9,3258.28,32683.28,761,Excellent
U1181,13,44.6,4,2698.3,22331.09,669,Fair
U1182,7,43.9,14,4039.49,27150.87,802,Excellent
U1183,1,93.2,9,4395.66,21166.55,713,Good
U1184,3,92.2,12,2691.79,46983.85,900,Excellent
U1185,13,42.3,11,3174.78,43747.02,900,Excellent
U1186,9,86.1,6,2660.34,36747.45,861,Excellent
U1187,8,57.2,3,3606.21,29660.87,722,Good
U1188,1,94.6,14,2196.09,19524.17,688,Fair
U1189,10,87.9,4,538.11,21170.25,776,Excellent
U1190,8,93.1,10,4528.25,49464.65,900,Excellent
U1191,8,96.6,18,2612.17,11918.16,799,Excellent
U1192,2,63.0,8,1013.55,39089.43,748,Good
U1193,7,93.0,2,3026.64,26489.06,739,Good
U1194,11,63.8,17,2506.81,49818.62,900,Excellent
U1195,13,53.4,14,270.84,44798.61,900,Excellent
U1196,5,45.5,8,2016.73,14011.49,585,Poor
U1197,2,91.7,8,1712.35,46613.68,861,Excellent
U1198,11,45.2,14,124.9,34937.86,873,Excellent
U1199,5,53.2,12,4482.95,49578.03,870,Excellent
U1200,2,69.7,18,4140.94,17716.56,732,Good
U1201,13,84.0,18,4353.99,12641.63,900,Excellent
U1202,11,92.0,8,1736.64,12315.16,721,Good
U1203,5,92.9,18,4407.45,754.69,694,Fair
U1204,11,53.7,6,887.72,40989.37,862,Excellent
U1205,7,51.6,12,3122.94,49068.72,900,Excellent
U1206,1,47.0,1,3206.63,27229.28,575,Poor
U1207,14,41.1,8,4818.66,17422.67,743,Good
U1208,12,50.8,4,602.3,46892.81,879,Excellent
U1209,11,50.0,11,430.02,29317.44,823,Excellent
U1210,1,43.5,17,4370.53,48687.7,866,Excellent
U1211,7,43.9,0,1685.69,24687.84,617,Poor
U1212,3,55.2,1,1440.77,49857.66,734,Good
U1213,7,71.6,10,1181.77,4577.86,560,Poor
U1214,14,53.8,10,1438.97,47567.75,900,Excellent
U1215,5,94.6,4,3228.78,20180.92,660,Fair
U1216,9,66.5,0,1671.64,36358.92,752,Excellent
U1217,1,79.1,11,2857.48,23840.86,717,Good
U1218,11,98.1,13,1098.14,5012.64,746,Good
U1219,2,85.7,2,4004.31,15061.31,553,Poor
U1220,8,95.3,2,1008.75,23373.82,697,Fair
U1221,9,52.0,1,4008.04,15862.92,639,Poor
U1222,13,49.0,17,3434.24,20079.48,866,Excellent
U1223,12,86.8,7,3649.0,37583.5,900,Excellent
U1224,9,54.5,13,798.23,25194.96,833,Excellent
U1225,10,86.5,17,1699.66,26126.73,900,Excellent
U1226,1,93.0,0,4140.12,18211.17,612,Poor
U1227,2,42.5,11,612.38,32003.3,675,Fair
U1228,3,93.8,8,4687.44,3072.58,639,Poor
U1229,8,96.8,19,1763.31,40833.84,900,Excellent
U1230,7,79.6,15,2783.2,40956.24,900,Excellent
U1231,9,49.8,13,499.99,3487.43,612,Poor
U1232,7,79.0,12,3117.14,16786.36,788,Excellent
U1233,13,87.4,18,892.2,1532.63,771,Excellent
U1234,3,53.7,8,2517.06,4535.56,486,Poor
U1235,6,41.8,0,4218.22,9122.57,497,Poor
U1236,5,83.6,19,3180.95,36899.84,900,Excellent
U1237,2,92.0,8,2249.22,36400.25,841,Excellent
U1238,4,92.4,1,3985.48,32922.96,701,Good
U1239,2,77.9,14,1255.38,38912.01,789,Excellent
U1240,4,94.5,9,1263.96,48584.06,900,Excellent
U1241,13,66.2,14,3005.3,29181.04,886,Excellent
U1242,4,75.6,5,3295.4,15951.33,660,Fair
U1243,5,59.5,7,3033.7,20134.66,651,Fair
U1244,7,67.2,10,4430.18,22380.21,721,Good
U1245,12,89.7,0,2302.23,29600.28,750,Excellent
U1246,12,82.4,19,1958.86,30474.14,900,Excellent
U1247,1,90.7,11,2287.21,43278.7,784,Excellent
U1248,6,52.4,19,1421.77,3325.8,668,Fair
U1249,13,78.4,2,2315.78,46726.81,900,Excellent
U1250,5,46.2,18,303.71,7842.99,673,Fair
U1251,8,70.9,17,1779.0,26846.13,856,Excellent
U1252,7,41.8,12,803.36,47021.08,857,Excellent
U1253,5,45.6,7,865.2,12110.78,597,Poor
U1254,6,55.3,0,4206.76,47258.4,790,Excellent
U1255,1,89.9,14,2895.99,2004.16,654,Fair
U1256,8,87.7,3,3414.92,11175.92,620,Poor
U1257,5,74.6,1,4997.13,2886.5,568,Poor
U1258,9,92.0,15,3786.9,4978.84,713,Good
U1259,2,64.2,13,4635.81,22189.53,682,Fair
U1260,2,85.7,8,1654.26,43510.58,786,Excellent
U1261,7,40.3,14,3188.02,30686.67,756,Excellent
U1262,5,62.8,0,1263.97,18975.96,649,Poor
U1263,10,85.6,8,1960.95,43235.02,900,Excellent
U1264,2,68.8,11,830.06,26567.88,708,Good
U1265,11,85.9,5,3759.69,35916.8,824,Excellent
U1266,11,41.1,10,137.06,32550.0,808,Excellent
U1267,11,62.8,3,4678.74,17905.32,708,Good
U1268,2,50.0,3,1358.21,14601.21,563,Poor
U1269,3,74.9,9,3090.64,35949.46,764,Excellent
U1270,1,98.6,10,703.79,43041.08,836,Excellent
U1271,8,87.6,9,4596.99,21514.11,788,Excellent
U1272,6,88.4,0,1930.2,26561.71,715,Good
U1273,12,53.7,8,3268.37,9151.29,743,Good
U1274,9,90.4,7,3872.73,28053.53,792,Excellent
U1275,8,89.4,6,3370.99,5229.0,609,Poor
U1276,4,49.0,17,849.62,12144.16,655,Fair
U1277,5,45.7,15,1630.13,11897.19,680,Fair
U1278,7,72.8,9,1358.73,31784.77,824,Excellent
U1279,2,64.3,6,3650.13,1283.14,446,Poor
U1280,8,47.7,18,3055.78,17192.74,755,Excellent
U1281,4,45.1,0,3019.18,20358.8,574,Poor
U1282,1,53.6,8,3124.06,22399.29,636,Poor
U1283,12,54.0,7,4412.39,32718.43,856,Excellent
U1284,6,53.8,2,1032.59,3090.77,462,Poor
U1285,3,83.8,19,394.7,28333.69,789,Excellent
U1286,4,97.7,14,1084.58,27023.47,812,Excellent
U1287,12,60.9,11,4908.06,24006.88,786,Excellent
U1288,14,54.1,18,846.84,49627.93,900,Excellent
U1289,9,80.3,19,3155.57,4911.66,767,Excellent
U1290,7,91.9,15,2583.51,8385.55,707,Good
U1291,9,45.3,8,2597.65,41351.66,804,Excellent
U1292,14,66.8,3,4379.35,8507.33,690,Fair
U1293,12,91.1,9,2555.65,20160.35,864,Excellent
U1294,6,89.0,2,3404.09,26857.82,706,Good
U1295,7,58.3,8,1680.39,1633.24,580,Poor
U1296,11,81.7,17,4790.88,28865.55,900,Excellent
U1297,13,91.7,3,3071.22,7390.3,721,Good
U1298,6,89.8,19,2562.57,20233.82,812,Excellent
U1299,8,68.7,3,762.31,48174.2,841,Excellent
U1300,12,86.6,12,4688.6,43867.21,900,Excellent
U1301,13,41.1,1,3285.99,8025.23,589,Poor
U1302,3,73.9,1,2353.02,3379.11,478,Poor
U1303,9,87.0,13,595.12,34761.99,895,Excellent
U1304,12,77.1,3,4983.81,40791.53,842,Excellent
U1305,4,79.3,5,2187.81,6970.16,602,Poor
U1306,4,64.3,2,1902.02,20999.42,635,Poor
U1307,6,97.8,1,755.64,21219.74,718,Good
U1308,6,55.6,9,3436.78,9889.89,568,Poor
U1309,10,54.5,17,416.62,2610.34,712,Good
U1310,1,46.6,10,2326.45,42295.68,759,Excellent
U1311,4,91.9,15,3713.05,24062.9,766,Excellent
U1312,9,76.8,5,2022.73,47833.0,900,Excellent
U1313,2,66.3,0,4220.27,2402.1,459,Poor
U1314,12,86.9,10,2527.72,19624.27,774,Excellent
U1315,1,44.0,12,835.83,37002.97,728,Good
U1316,1,66.6,7,304.2,4697.2,504,Poor
U1317,8,46.3,16,4786.86,37006.66,870,Excellent
U1318,10,67.7,3,1813.55,38845.35,801,Excellent
U1319,11,64.7,4,3335.48,38336.45,861,Excellent
U1320,10,41.3,15,4842.51,15124.52,745,Good
U1321,2,80.0,2,694.79,30943.14,726,Good
U1322,14,44.2,17,1678.86,6699.06,713,Good
U1323,13,74.9,15,4077.67,32995.69,900,Excellent
U1324,11,42.6,16,4647.61,11618.47,695,Fair
U1325,12,63.3,17,4721.07,12414.29,729,Good
U1326,5,80.6,18,4445.93,32467.64,895,Excellent
U1327,7,92.8,11,4602.74,12985.93,709,Good
U1328,13,53.3,7,3766.14,28111.75,842,Excellent
U1329,9,96.2,12,907.59,7020.57,703,Good
U1330,4,89.1,14,2578.68,42114.8,900,Excellent
U1331,13,84.6,2,1557.99,28468.59,873,Excellent
U1332,13,45.6,11,3217.83,38175.52,892,Excellent
U1333,8,54.8,4,4419.11,14256.15,590,Poor
U1334,3,64.1,9,3322.05,15890.98,652,Fair
U1335,11,51.3,8,1938.77,27165.44,798,Excellent
U1336,4,40.3,11,3754.1,10522.79,579,Poor
U1337,11,85.4,5,4395.59,49818.55,900,Excellent
U1338,4,63.1,3,3638.15,44366.69,732,Good
U1339,5,40.1,6,115.77,31169.67,737,Good
U1340,4,50.9,12,555.65,29616.01,804,Excellent
U1341,8,46.2,19,2847.23,30372.64,836,Excellent
U1342,2,76.0,18,1422.12,41339.95,857,Excellent
U1343,6,81.7,11,3946.0,35530.21,847,Excellent
U1344,4,71.0,15,1929.97,6557.65,614,Poor
U1345,4,43.8,14,4991.9,46689.11,881,Excellent
U1346,13,50.4,5,3217.27,39389.76,856,Excellent
U1347,14,84.8,6,2902.17,29594.58,847,Excellent
U1348,9,73.9,9,1739.11,1796.74,633,Poor
U1349,13,87.0,18,1370.55,21768.01,860,Excellent
U1350,3,62.6,4,2456.44,22041.43,631,Poor
U1351,10,44.8,6,4529.18,45514.81,874,Excellent
U1352,8,83.8,5,380.67,11648.57,658,Fair
U1353,4,79.4,3,165.67,14495.91,579,Poor
U1354,10,56.9,6,1310.2,45359.6,858,Excellent
U1355,6,65.7,12,1413.88,8240.9,617,Poor
U1356,4,42.0,19,3136.53,28318.65,732,Good
U1357,11,60.8,14,206.93,33357.59,855,Excellent
U1358,4,47.7,15,4690.43,3086.77,531,Poor
U1359,9,69.7,17,810.33,36395.21,900,Excellent
U1360,5,73.9,18,1612.62,47378.28,900,Excellent
U1361,6,73.7,16,4904.53,11756.77,710,Good
U1362,12,83.4,8,3979.33,27667.51,811,Excellent
U1363,2,69.1,4,4733.92,42573.78,780,Excellent
U1364,2,45.9,15,2117.65,32723.19,727,Good
U1365,8,46.7,9,4892.5,39802.49,829,Excellent
U1366,1,52.1,6,4373.46,27469.96,660,Fair
U1367,8,47.6,14,4409.95,43593.63,900,Excellent
U1368,11,96.8,7,4926.45,38714.62,900,Excellent
U1369,1,63.4,2,616.82,33010.62,657,Fair
U1370,9,63.8,10,3900.5,48241.59,900,Excellent
U1371,8,61.4,8,2930.21,31911.83,747,Good
U1372,7,78.6,14,4583.94,26884.93,836,Excellent
U1373,12,50.0,15,4300.18,45354.09,900,Excellent
U1374,2,50.1,5,789.49,10499.78,494,Poor
U1375,4,87.9,13,508.97,44179.61,900,Excellent
U1376,12,84.4,15,4943.24,24525.27,900,Excellent
U1377,2,50.0,5,4900.93,32978.63,656,Fair
U1378,11,81.2,2,2684.26,36108.0,817,Excellent
U1379,13,57.8,5,2749.89,35657.02,868,Excellent
U1380,12,99.3,1,4126.02,23233.63,787,Excellent
U1381,3,92.8,15,3588.87,41385.92,832,Excellent
U1382,14,83.1,2,795.66,17723.1,809,Excellent
U1383,9,66.1,16,4223.09,23828.71,813,Excellent
U1384,11,78.0,19,3722.54,5764.01,744,Good
U1385,4,53.6,7,456.09,4315.36,545,Poor
U1386,3,81.6,14,1596.02,11025.9,682,Fair
U1387,12,54.0,8,3963.39,33416.75,846,Excellent
U1388,2,79.0,5,3386.59,28241.81,687,Fair
U1389,6,53.6,7,731.36,20931.68,639,Poor
U1390,14,68.7,16,305.92,37125.25,900,Excellent
U1391,9,57.5,18,4147.59,35116.11,900,Excellent
U1392,12,41.1,6,3144.59,28179.65,784,Excellent
U1393,3,92.4,13,1170.37,6452.24,713,Good
U1394,4,45.8,8,160.78,23704.01,680,Fair
U1395,3,53.6,13,3741.65,2883.07,508,Poor
U1396,4,92.6,1,3372.24,29864.47,715,Good
U1397,1,57.1,11,2955.75,49774.16,831,Excellent
U1398,2,74.4,4,1336.31,11401.15,613,Poor
U1399,9,94.6,3,4355.9,3702.0,625,Poor
U1400,1,41.5,14,502.81,45578.49,773,Excellent
U1401,3,93.6,7,4745.73,22539.68,704,Good
U1402,9,82.2,3,3414.49,7018.83,651,Fair
U1403,3,79.1,1,1430.69,23908.41,622,Poor
U1404,9,70.4,5,447.57,13092.38,653,Fair
U1405,10,94.4,18,1456.39,48590.87,900,Excellent
U1406,13,68.4,2,1060.88,30733.61,783,Excellent
U1407,13,72.2,16,137.55,11343.91,781,Excellent
U1408,11,90.6,0,1760.42,40227.99,883,Excellent
U1409,11,42.7,8,2045.37,4811.09,697,Fair
U1410,9,89.1,18,4411.33,28951.59,900,Excellent
U1411,14,49.9,7,2166.96,20845.54,749,Good
U1412,8,80.3,12,3078.74,15813.95,732,Good
U1413,13,89.8,16,3058.6,34486.2,900,Excellent
U1414,2,79.9,0,2335.56,18768.12,581,Poor
U1415,4,94.0,11,492.88,18061.18,694,Fair
U1416,7,64.8,8,3267.61,44457.93,869,Excellent
U1417,3,94.8,6,4381.12,36336.67,871,Excellent
U1418,11,84.5,5,4162.19,49567.53,900,Excellent
U1419,12,57.7,0,513.52,20268.75,719,Good
U1420,5,47.4,16,1158.65,23597.09,768,Excellent
U1421,4,80.4,8,1600.94,39554.77,811,Excellent
U1422,12,53.6,2,2305.6,29173.68,751,Excellent
U1423,11,74.9,3,2025.57,26527.72,782,Excellent
U1424,2,50.0,4,3264.13,2716.53,469,Poor
U1425,2,78.2,10,1990.79,39690.15,745,Good
U1426,11,58.7,5,4250.98,26788.72,774,Excellent
U1427,6,67.2,3,920.06,48615.25,880,Excellent
U1428,14,41.7,2,4823.69,19518.23,669,Fair
U1429,2,58.8,14,2490.47,6937.37,577,Poor
U1430,10,47.0,9,1936.54,23963.32,750,Excellent
U1431,9,99.0,12,3073.7,8003.42,738,Good
U1432,1,63.1,15,3890.34,49015.4,900,Excellent
U1433,13,85.7,18,1845.31,41427.34,900,Excellent
U1434,13,51.7,16,2586.49,34030.67,900,Excellent
U1435,4,60.8,2,837.56,40929.47,733,Good
U1436,4,64.1,16,3699.43,15374.22,728,Good
U1437,3,52.1,7,293.35,24039.53,628,Poor
U1438,4,94.4,1,3638.5,26902.64,691,Fair
U1439,1,80.8,8,4397.74,47230.08,843,Excellent
U1440,1,96.9,15,558.99,37853.75,798,Excellent
U1441,4,57.1,0,2857.29,22340.57,597,Poor
U1442,11,70.7,18,2928.67,43346.07,900,Excellent
U1443,3,76.1,14,2910.29,47824.33,900,Excellent
U1444,9,43.6,12,2251.83,42424.96,873,Excellent
U1445,13,98.3,15,3836.72,46498.24,900,Excellent
U1446,6,83.4,9,758.73,15320.08,732,Good
U1447,8,84.0,14,4953.68,10432.23,717,Good
U1448,10,89.7,6,111.36,2686.02,687,Fair
U1449,5,40.3,7,3867.72,33097.76,672,Fair
U1450,1,90.8,1,611.58,20255.46,583,Poor
U1451,4,64.4,5,1600.07,27681.95,719,Good
U1452,14,88.5,12,3519.01,801.39,716,Good
U1453,2,87.7,15,2443.47,7687.23,660,Fair
U1454,10,64.2,14,1134.45,43238.34,899,Excellent
U1455,8,64.3,6,2434.54,11688.44,619,Poor
U1456,9,53.2,12,3057.12,18211.8,704,Good
U1457,1,83.2,9,2970.74,31426.8,750,Excellent
U1458,4,78.2,17,1285.47,35840.66,881,Excellent
U1459,6,73.8,3,800.09,38879.63,806,Excellent
U1460,2,64.1,13,4421.76,41277.02,791,Excellent
U1461,1,59.1,16,2604.53,2819.17,592,Poor
U1462,6,82.4,17,2388.14,17348.35,781,Excellent
U1463,2,58.8,3,4545.28,47177.7,737,Good
U1464,3,94.6,15,4687.97,33919.43,874,Excellent
U1465,9,82.2,9,781.67,13084.45,723,Good
U1466,11,80.0,0,1464.35,6915.23,638,Poor
U1467,9,46.3,18,3208.26,49973.58,900,Excellent
U1468,1,61.6,15,1987.09,43358.1,804,Excellent
U1469,14,86.2,8,356.54,38494.6,900,Excellent
U1470,2,73.1,3,4266.71,10993.71,537,Poor
U1471,8,78.9,3,3421.28,30583.73,832,Excellent
U1472,2,63.7,7,3293.03,37060.57,774,Excellent
U1473,5,80.9,0,4462.05,14726.78,560,Poor
U1474,3,80.0,16,646.41,26035.16,804,Excellent
U1475,14,54.5,5,1752.99,1456.72,611,Poor
U1476,4,96.9,2,2515.04,20512.34,743,Good
U1477,8,83.5,3,304.12,20183.56,730,Good
U1478,1,58.7,15,3887.32,26304.15,706,Good
U1479,6,66.1,0,3721.23,11551.54,574,Poor
U1480,9,62.3,15,2883.65,33318.86,900,Excellent
U1481,3,41.4,10,4165.84,30504.25,702,Good
U1482,8,67.5,3,4507.33,35651.7,789,Excellent
U1483,13,84.8,11,383.44,47910.6,900,Excellent
U1484,9,54.3,19,2767.96,48157.03,900,Excellent
U1485,11,83.5,6,789.93,31309.48,827,Excellent
U1486,10,58.9,18,820.12,40650.63,900,Excellent
U1487,12,78.6,0,1791.44,45915.55,900,Excellent
U1488,8,83.5,14,397.08,34654.99,900,Excellent
U1489,4,77.9,10,318.36,21074.29,715,Good
U1490,6,71.8,14,1835.91,47479.02,900,Excellent
U1491,14,88.4,17,2779.61,9425.24,849,Excellent
U1492,14,73.7,5,2283.15,10854.68,710,Good
U1493,6,46.5,3,4762.01,49743.56,835,Excellent
U1494,11,98.9,11,1371.75,22131.3,830,Excellent
U1495,6,40.8,5,1031.53,39733.46,762,Excellent
U1496,11,61.3,16,4804.66,26312.25,855,Excellent
U1497,4,54.8,0,2345.35,39176.77,672,Fair
U1498,4,73.9,11,159.31,947.4,593,Poor
U1499,10,88.3,9,1676.18,42478.08,900,Excellent
U1500,8,88.5,4,1304.46,20436.84,830,Excellent
U1501,7,62.3,19,544.54,2114.59,624,Poor
U1502,3,97.1,13,3147.99,49625.89,900,Excellent
U1503,2,79.4,17,4520.96,43929.1,840,Excellent
U1504,4,46.1,9,4215.1,37712.72,772,Excellent
U1505,9,97.0,4,3623.88,28384.57,780,Excellent
U1506,5,71.0,18,1484.23,17975.99,750,Excellent
U1507,4,89.4,19,2537.95,10631.67,760,Excellent
U1508,13,55.3,15,1724.67,42823.99,899,Excellent
U1509,8,89.6,3,3498.73,38670.58,848,Excellent
U1510,10,89.5,1,4391.83,27185.18,757,Excellent
U1511,5,63.5,8,100.06,21120.01,631,Poor
U1512,6,61.7,9,1082.75,10577.13,628,Poor
U1513,3,43.1,3,4837.54,11602.53,509,Poor
U1514,4,84.5,4,3819.44,30676.74,710,Good
U1515,9,62.3,14,4052.8,49250.49,900,Excellent
U1516,8,85.7,7,3338.97,4383.56,691,Fair
U1517,11,56.1,8,1417.35,31607.49,830,Excellent
U1518,6,55.9,3,4751.12,31791.9,718,Good
U1519,1,70.8,18,1909.48,46679.78,864,Excellent
U1520,8,49.5,14,3600.2,23354.95,769,Excellent
U1521,7,91.0,16,251.2,3068.82,713,Good
U1522,9,60.7,5,3359.22,8287.65,627,Poor
U1523,13,96.8,0,1628.72,24383.77,785,Excellent
U1524,4,87.2,3,1983.34,1747.07,491,Poor
U1525,11,70.1,5,2777.51,48368.25,900,Excellent
U1526,3,65.8,4,3620.42,43200.7,790,Excellent
U1527,3,97.1,15,745.4,43332.14,900,Excellent
U1528,4,80.6,11,1521.22,43634.99,900,Excellent
U1529,7,58.8,2,4268.33,49104.33,858,Excellent
U1530,3,40.7,15,897.79,9752.26,596,Poor
U1531,5,61.2,16,4681.47,21811.74,741,Good
U1532,12,64.3,0,1500.22,21921.96,680,Fair
U1533,2,52.3,6,4727.8,32265.85,719,Good
U1534,6,84.0,13,3926.88,39370.81,900,Excellent
U1535,9,98.8,9,978.89,48548.49,900,Excellent
U1536,5,98.7,8,3715.64,35375.44,782,Excellent
U1537,12,44.4,2,1106.13,24410.47,686,Fair
U1538,2,57.2,9,3479.92,7625.12,513,Poor
U1539,6,44.1,8,551.13,30152.71,733,Good
U1540,4,45.5,1,1410.27,1247.98,482,Poor
U1541,6,58.8,3,1322.67,599.92,537,Poor
U1542,4,96.8,9,3100.06,11047.71,683,Fair
U1543,14,80.8,0,175.43,29354.84,857,Excellent
U1544,1,72.5,18,4792.15,20252.25,709,Good
U1545,6,98.6,16,2540.4,37269.84,900,Excellent
U1546,2,45.6,14,1367.69,22002.96,720,Good
U1547,9,80.2,17,3598.86,5023.88,769,Excellent
U1548,1,89.1,14,3719.74,1180.4,563,Poor
U1549,5,44.6,1,406.38,23217.56,585,Poor
U1550,3,52.9,0,3397.07,4516.88,474,Poor
U1551,11,57.0,13,2047.5,25923.75,837,Excellent
U1552,7,84.3,13,1528.33,38651.76,861,Excellent
U1553,11,72.3,16,4339.45,45805.23,900,Excellent
U1554,5,80.0,1,3188.21,12794.99,577,Poor
U1555,4,72.1,10,4687.78,3668.31,633,Poor
U1556,2,70.0,10,3034.34,10454.39,548,Poor
U1557,11,69.5,3,1129.14,14411.39,732,Good
U1558,3,64.6,17,2103.01,46239.33,900,Excellent
U1559,1,51.1,17,4420.28,40799.22,785,Excellent
U1560,4,66.8,3,1517.02,15835.44,600,Poor
U1561,7,55.3,19,4375.92,41491.78,872,Excellent
U1562,14,94.8,4,1701.04,18044.03,820,Excellent
U1563,1,59.1,8,480.44,41529.13,759,Excellent
U1564,7,51.6,4,3417.01,41976.46,808,Excellent
U1565,9,40.8,8,885.79,33845.45,800,Excellent
U1566,13,83.3,19,1225.03,6318.79,840,Excellent
U1567,2,57.8,0,1791.63,21002.95,593,Poor
U1568,10,92.9,9,3209.73,29316.12,853,Excellent
U1569,11,54.7,14,2016.06,12093.07,724,Good
U1570,14,97.6,7,4932.61,21029.42,864,Excellent
U1571,3,81.8,14,3792.61,10581.52,675,Fair
U1572,2,64.7,0,3193.95,26858.95,624,Poor
U1573,13,60.2,16,1110.64,19897.04,811,Excellent
U1574,1,80.7,16,4762.07,38936.22,875,Excellent
U1575,11,68.5,14,4439.54,11484.07,763,Excellent
U1576,10,55.2,8,2724.72,41887.83,884,Excellent
U1577,3,47.6,8,2704.73,25772.81,670,Fair
U1578,3,91.3,12,2473.29,1161.7,653,Fair
U1579,2,94.1,15,1118.99,2578.28,594,Poor
U1580,6,63.4,7,4843.52,3794.95,551,Poor
U1581,2,70.8,14,1234.59,47156.02,886,Excellent
U1582,10,59.3,18,443.02,36597.12,900,Excellent
U1583,4,67.9,19,322.06,17822.27,768,Excellent
U1584,11,62.8,1,3342.25,24457.47,732,Good
U1585,9,74.9,8,2960.2,39207.02,900,Excellent
U1586,13,61.0,19,787.59,33722.29,900,Excellent
U1587,7,79.7,5,3774.89,45457.31,895,Excellent
U1588,7,76.3,3,4277.67,27311.5,706,Good
U1589,13,83.0,15,1091.05,16034.43,874,Excellent
U1590,8,76.0,1,2181.77,45438.01,807,Excellent
U1591,1,75.1,17,1975.71,41180.63,859,Excellent
U1592,2,97.5,16,1432.54,34771.77,860,Excellent
U1593,14,53.5,12,4147.0,23424.18,830,Excellent
U1594,14,53.1,3,4136.46,3625.44,641,Poor
U1595,7,99.0,19,3890.95,37518.01,900,Excellent
U1596,1,65.9,0,2373.55,13568.22,544,Poor
U1597,5,77.8,13,3367.55,16489.85,709,Good
U1598,8,52.1,7,3707.52,22102.77,680,Fair
U1599,8,54.9,5,565.1,49945.18,884,Excellent
U1600,11,96.0,9,128.02,23558.37,787,Excellent
U1601,13,47.8,19,4469.38,42534.36,900,Excellent
U1602,6,74.0,15,1629.76,1279.27,605,Poor
U1603,7,90.2,10,126.2,46951.48,900,Excellent
U1604,5,91.9,9,2013.91,3931.75,662,Fair
U1605,2,82.4,10,2936.32,28689.48,765,Excellent
U1606,7,95.7,13,1920.28,31117.09,855,Excellent
U1607,5,98.9,3,4319.12,23327.76,781,Excellent
U1608,6,75.6,10,4751.08,41725.18,899,Excellent
U1609,8,96.5,11,2551.76,34698.76,882,Excellent
U1610,9,78.9,9,2817.97,37515.82,868,Excellent
U1611,8,82.3,17,3372.03,41949.67,900,Excellent
U1612,14,43.6,17,3917.6,30680.02,900,Excellent
U1613,6,81.1,5,2726.08,24680.53,738,Good
U1614,14,92.9,1,2905.78,14212.12,749,Good
U1615,8,45.7,10,354.75,2071.32,602,Poor
U1616,8,53.8,16,3073.55,44108.16,900,Excellent
U1617,7,70.1,14,3448.92,19084.33,778,Excellent
U1618,7,57.2,8,4986.47,1986.29,575,Poor
U1619,7,77.1,14,4252.2,3588.51,686,Fair
U1620,4,60.9,11,4103.17,42701.1,814,Excellent
U1621,12,50.1,19,370.59,47147.98,900,Excellent
U1622,4,66.3,19,4868.08,38084.98,876,Excellent
U1623,8,49.3,10,1698.64,15319.48,688,Fair
U1624,14,41.2,9,1356.67,18088.33,736,Good
U1625,5,50.2,3,819.92,17460.93,598,Poor
U1626,8,49.3,1,4163.64,35480.44,704,Good
U1627,6,86.8,13,1627.28,655.47,648,Poor
U1628,12,69.3,16,2264.56,49219.61,900,Excellent
U1629,5,65.1,8,1034.56,17679.59,638,Poor
U1630,2,80.0,7,3354.59,10362.67,634,Poor
U1631,8,62.3,17,2407.25,32974.72,884,Excellent
U1632,12,69.0,18,3324.6,6292.08,756,Excellent
U1633,7,67.2,7,1062.45,47596.52,892,Excellent
U1634,5,70.6,12,2938.64,24736.41,714,Good
U1635,7,95.9,12,3342.17,7490.57,723,Good
U1636,6,91.3,2,1171.68,9550.47,597,Poor
U1637,13,74.6,7,1918.73,39389.33,900,Excellent
U1638,3,96.3,11,2828.25,42333.48,862,Excellent
U1639,9,41.5,19,1323.38,13530.74,751,Excellent
U1640,13,77.4,9,3983.71,31552.78,869,Excellent
U1641,1,73.3,12,559.5,24563.46,715,Good
U1642,2,96.9,13,3088.71,46263.86,900,Excellent
U1643,5,68.0,15,3114.74,38141.0,900,Excellent
U1644,1,82.2,12,3870.3,20194.35,676,Fair
U1645,5,85.8,15,1768.02,25773.75,820,Excellent
U1646,4,80.2,19,2598.28,25313.14,753,Excellent
U1647,6,99.8,11,222.36,22727.42,843,Excellent
U1648,9,60.2,11,3650.53,6023.85,606,Poor
U1649,14,81.7,10,4027.08,19908.63,861,Excellent
U1650,11,74.1,16,1132.83,28044.58,897,Excellent
U1651,8,63.2,17,1658.44,37596.59,900,Excellent
U1652,3,71.5,8,1485.73,21219.82,639,Poor
U1653,2,80.1,18,3221.76,30065.97,776,Excellent
U1654,6,80.7,5,1548.71,31170.99,771,Excellent
U1655,6,56.6,10,1764.87,23053.15,788,Excellent
U1656,10,83.0,8,1799.74,22064.42,766,Excellent
U1657,14,44.7,0,536.05,49588.96,900,Excellent
U1658,1,96.1,7,4701.08,22914.28,673,Fair
U1659,8,75.7,13,2299.02,45705.02,900,Excellent
U1660,3,54.8,9,4533.36,32552.07,702,Good
U1661,8,89.0,15,3942.61,23388.36,820,Excellent
U1662,9,79.8,14,2071.79,44287.05,900,Excellent
U1663,1,66.4,1,1004.7,17434.33,518,Poor
U1664,9,91.8,19,687.47,36878.83,900,Excellent
U1665,10,58.0,19,3696.03,31795.79,900,Excellent
U1666,8,47.0,4,1840.15,2739.83,508,Poor
U1667,3,74.0,2,2113.2,28248.7,677,Fair
U1668,4,40.6,10,4024.81,5670.5,508,Poor
U1669,8,45.5,5,1152.01,3828.09,621,Poor
U1670,2,84.3,18,3327.72,26848.45,746,Good
U1671,13,54.8,8,255.71,39211.51,900,Excellent
U1672,8,60.9,19,233.53,26417.53,811,Excellent
U1673,10,61.6,14,4121.41,24128.84,820,Excellent
U1674,13,87.6,14,353.75,28086.87,900,Excellent
U1675,14,94.8,2,1184.07,19359.07,782,Excellent
U1676,13,74.6,12,2349.71,15512.65,806,Excellent
U1677,9,76.1,14,2430.42,20683.53,815,Excellent
U1678,6,79.2,17,4858.64,28328.35,834,Excellent
U1679,12,47.0,18,3890.5,2680.0,709,Good
U1680,3,44.6,18,1234.25,34226.97,775,Excellent
U1681,7,55.3,0,2276.16,37626.41,683,Fair
U1682,6,80.5,13,1462.69,11239.33,712,Good
U1683,12,94.4,3,2154.0,8826.08,648,Poor
U1684,13,82.6,2,1233.77,25370.15,808,Excellent
U1685,8,67.9,6,3213.53,31676.12,775,Excellent
U1686,3,45.5,5,2703.34,34033.18,736,Good
U1687,11,93.6,4,139.49,47187.15,900,Excellent
U1688,13,65.9,3,3863.83,25273.63,730,Good
U1689,10,70.8,4,4517.76,11152.62,647,Poor
U1690,8,42.4,2,4159.59,35785.88,703,Good
U1691,1,83.7,4,4300.24,41111.13,801,Excellent
U1692,3,96.8,19,1973.04,31157.5,900,Excellent
U1693,9,76.2,13,3471.42,6459.19,690,Fair
U1694,9,51.9,9,3151.49,11522.47,671,Fair
U1695,14,86.6,1,937.59,21198.17,725,Good
U1696,9,87.8,9,512.23,19958.64,807,Excellent
U1697,2,44.6,10,216.17,41829.89,816,Excellent
U1698,13,58.3,16,1234.23,43486.27,900,Excellent
U1699,6,52.8,15,2912.35,19948.31,748,Good
U1700,5,83.9,15,155.38,39474.91,895,Excellent
U1701,12,61.8,3,4871.62,27437.83,771,Excellent
U1702,11,72.1,14,1430.31,45260.04,900,Excellent
U1703,8,45.6,12,4178.58,40379.62,790,Excellent
U1704,13,59.1,3,4104.8,46554.72,900,Excellent
U1705,13,77.6,4,509.27,10950.73,682,Fair
U1706,10,79.8,19,2513.42,22384.3,843,Excellent
U1707,14,73.2,12,2902.78,40368.9,900,Excellent
U1708,11,94.6,19,3696.14,17654.66,850,Excellent
U1709,2,43.4,3,2965.71,17207.86,533,Poor
U1710,2,51.6,3,4441.82,44836.65,711,Good
U1711,3,78.9,19,3394.68,41390.2,886,Excellent
U1712,9,72.7,17,2045.26,8237.69,713,Good
U1713,10,42.1,11,498.03,49632.8,900,Excellent
U1714,10,70.3,3,4888.67,39794.0,870,Excellent
U1715,13,78.3,1,2228.37,22598.88,818,Excellent
U1716,2,59.8,16,2553.48,32420.63,776,Excellent
U1717,8,89.4,3,3055.64,26418.23,747,Good
U1718,12,42.4,0,2511.94,10152.94,633,Poor
U1719,7,55.2,3,603.93,6734.78,574,Poor
U1720,8,45.6,10,4249.75,16554.3,703,Good
U1721,2,85.9,1,2919.26,21738.59,677,Fair
U1722,6,48.6,9,3492.54,12049.97,657,Fair
U1723,10,55.1,15,1140.44,6539.37,713,Good
U1724,2,42.7,8,4984.86,9580.89,481,Poor
U1725,9,67.9,8,3151.39,40434.5,900,Excellent
U1726,4,69.0,1,2189.35,27633.19,647,Poor
U1727,9,97.9,14,4462.88,29055.62,869,Excellent
U1728,13,41.5,9,2778.81,42071.11,900,Excellent
U1729,10,64.4,5,3602.12,15020.99,673,Fair
U1730,14,87.1,3,3066.86,15740.38,773,Excellent
U1731,6,57.7,12,1432.58,11285.62,684,Fair
U1732,4,59.5,18,3007.96,1304.05,583,Poor
U1733,13,90.2,6,718.73,40765.01,900,Excellent
U1734,1,89.9,14,2544.96,16253.97,699,Fair
U1735,11,57.9,10,100.15,35750.78,889,Excellent
U1736,1,73.3,13,163.2,27244.82,746,Good
U1737,6,88.7,1,3074.96,19741.95,753,Excellent
U1738,9,63.4,0,1643.1,5283.92,603,Poor
U1739,10,43.9,19,2955.3,40717.45,862,Excellent
U1740,10,68.6,0,2073.25,33789.11,740,Good
U1741,3,61.9,2,3366.42,6418.32,538,Poor
U1742,4,82.0,8,4040.07,21583.92,723,Good
U1743,9,57.1,19,2511.07,39927.17,900,Excellent
U1744,11,51.8,19,2800.15,26416.4,837,Excellent
U1745,13,72.5,19,3294.31,41704.65,900,Excellent
U1746,3,75.1,13,335.65,15135.42,677,Fair
U1747,3,81.4,13,3033.12,32821.01,828,Excellent
U1748,12,93.9,7,2769.38,7216.57,753,Excellent
U1749,12,61.5,4,202.58,16130.77,726,Good
U1750,9,98.5,19,3410.75,20098.89,868,Excellent
U1751,11,62.2,8,1329.31,6462.14,707,Good
U1752,12,74.8,18,475.94,8719.6,791,Excellent
U1753,3,67.1,19,2063.45,6199.74,630,Poor
U1754,8,99.1,5,1997.64,33154.67,897,Excellent
U1755,6,67.3,9,3679.41,7200.09,592,Poor
U1756,1,49.1,9,1386.11,26500.29,624,Poor
U1757,12,49.8,16,3137.85,35060.82,895,Excellent
U1758,4,73.1,17,4372.37,29060.59,845,Excellent
U1759,2,71.8,10,2872.67,45446.92,820,Excellent
U1760,2,50.3,15,2835.93,43561.92,870,Excellent
U1761,7,96.4,15,2974.46,41507.71,900,Excellent
U1762,14,58.9,1,3187.46,41518.32,850,Excellent
U1763,7,80.7,12,2031.27,30365.04,859,Excellent
U1764,8,64.3,4,2171.01,49784.07,895,Excellent
U1765,14,41.3,8,4381.99,1138.91,612,Poor
U1766,13,56.8,14,3090.85,1693.45,688,Fair
U1767,6,53.0,0,4193.33,10245.95,497,Poor
U1768,11,89.6,17,1395.91,25425.58,900,Excellent
U1769,7,75.9,15,4344.83,8649.11,724,Good
U1770,12,40.9,16,2900.88,9649.5,728,Good
U1771,10,57.0,9,2760.69,19003.5,712,Good
U1772,7,66.5,14,800.51,37243.53,888,Excellent
U1773,12,63.9,12,4766.83,44236.45,900,Excellent
U1774,8,90.3,19,2424.73,863.04,721,Good
U1775,13,99.7,8,2833.58,48009.66,900,Excellent
U1776,9,95.1,6,315.92,9671.2,756,Excellent
U1777,1,59.8,15,4226.61,15182.32,658,Fair
U1778,9,96.2,16,4002.77,37959.53,900,Excellent
U1779,7,99.4,14,3671.05,2825.16,709,Good
U1780,14,62.9,13,1500.91,33783.3,900,Excellent
U1781,9,64.9,19,2940.13,1599.81,673,Fair
U1782,9,45.9,2,4842.23,27718.28,661,Fair
U1783,4,50.7,14,1118.14,29591.0,752,Excellent
U1784,13,68.5,11,456.4,14389.74,810,Excellent
U1785,3,59.5,13,4811.92,36647.05,776,Excellent
U1786,8,64.0,18,3724.45,30807.65,851,Excellent
U1787,12,74.7,18,2657.23,3864.68,783,Excellent
U1788,14,43.6,2,785.94,21083.02,650,Fair
U1789,7,74.1,15,3200.73,38561.54,900,Excellent
U1790,13,48.0,11,3677.85,28803.57,806,Excellent
U1791,9,52.5,18,3379.17,24448.23,815,Excellent
U1792,7,75.3,12,3009.53,28991.87,811,Excellent
U1793,7,58.9,11,1129.53,37242.43,796,Excellent
U1794,8,55.3,6,3923.04,28412.7,766,Excellent
U1795,13,64.7,7,3089.53,24664.79,772,Excellent
U1796,7,59.0,16,3500.69,9546.18,664,Fair
U1797,11,57.1,5,547.41,16275.14,640,Poor
U1798,2,96.5,2,398.42,2031.08,493,Poor
U1799,8,71.3,0,1061.84,1616.94,578,Poor
